-- ============================================================================
-- SEED DATA WITH MUSLIM NAMES FOR MEDICAL BILLING DATABASE (AUTO-GENERATED UUIDs)
-- ============================================================================
-- This file contains sample data with Muslim names for testing purposes
-- All UUIDs are auto-generated by the database using gen_random_uuid()
-- Run this after your database schema is set up

-- ============================================================================
-- INSERT INSURANCE PAYERS
-- ============================================================================

INSERT INTO insurance_payers (name, payer_id_code, is_active, payer_type, contact_phone, contact_email, claims_address, eligibility_phone, prior_auth_required) VALUES
('Blue Cross Blue Shield', 'BCBS001', true, 'Commercial', '1-800-555-0101', 'claims@bcbs.com', '123 Insurance St, City, ST 12345', '1-800-555-0102', true),
('Aetna', 'AETNA001', true, 'Commercial', '1-800-555-0201', 'claims@aetna.com', '456 Health Ave, City, ST 12345', '1-800-555-0202', true),
('Cigna', 'CIGNA001', true, 'Commercial', '1-800-555-0301', 'claims@cigna.com', '789 Medical Blvd, City, ST 12345', '1-800-555-0302', false),
('UnitedHealthcare', 'UHC001', true, 'Commercial', '1-800-555-0401', 'claims@uhc.com', '321 Care St, City, ST 12345', '1-800-555-0402', true),
('Medicare', 'MEDICARE001', true, 'Government', '1-800-555-0501', 'claims@medicare.gov', '654 Federal Way, City, ST 12345', '1-800-555-0502', true);

-- ============================================================================
-- INSERT FACILITIES
-- ============================================================================

INSERT INTO facilities (facility_name, npi, tax_id, address_line1, address_line2, city, state, zip_code, phone, fax, email, facility_type, is_active, user_id) VALUES
('Al-Noor Medical Center', '1234567890', '12-3456789', '123 Main Street', 'Suite 100', 'Chicago', 'IL', '60601', '312-555-0100', '312-555-0101', 'info@alnoorcenter.com', 'Medical Center', true, '00000000-0000-0000-0000-000000000001'),
('Islamic Health Clinic', '2345678901', '23-4567890', '456 Oak Avenue', 'Floor 2', 'Detroit', 'MI', '48201', '313-555-0200', '313-555-0201', 'contact@islamicclinic.org', 'Clinic', true, '00000000-0000-0000-0000-000000000001'),
('Muslim Family Practice', '3456789012', '34-5678901', '789 Pine Street', NULL, 'Houston', 'TX', '77001', '713-555-0300', '713-555-0301', 'info@muslimfamilypractice.com', 'Family Practice', true, '00000000-0000-0000-0000-000000000001');

-- ============================================================================
-- INSERT PROVIDERS (Healthcare Professionals)
-- ============================================================================

INSERT INTO providers (npi, first_name, last_name, middle_initial, suffix, title, specialty_code, license_number, tax_id, phone, fax, email, address_line1, address_line2, city, state, zip_code, is_active, user_id) VALUES
('1234567890', 'Ahmad', 'Hassan', 'M', NULL, 'Dr.', 'FM', 'IL123456', '12-3456789', '312-555-1000', '312-555-1001', 'ahmad.hassan@alnoorcenter.com', '123 Main Street', 'Suite 200', 'Chicago', 'IL', '60601', true, '00000000-0000-0000-0000-000000000001'),
('2345678901', 'Fatima', 'Ali', 'K', NULL, 'Dr.', 'IM', 'IL234567', '23-4567890', '312-555-2000', '312-555-2001', 'fatima.ali@alnoorcenter.com', '123 Main Street', 'Suite 300', 'Chicago', 'IL', '60601', true, '00000000-0000-0000-0000-000000000001'),
('3456789012', 'Omar', 'Ibrahim', 'A', NULL, 'Dr.', 'DDS', 'IL345678', '34-5678901', '312-555-3000', '312-555-3001', 'omar.ibrahim@alnoorcenter.com', '123 Main Street', 'Suite 400', 'Chicago', 'IL', '60601', true, '00000000-0000-0000-0000-000000000001'),
('4567890123', 'Aisha', 'Mohammed', 'S', NULL, 'Dr.', 'PED', 'IL456789', '45-6789012', '313-555-4000', '313-555-4001', 'aisha.mohammed@islamicclinic.org', '456 Oak Avenue', 'Floor 3', 'Detroit', 'MI', '48201', true, '00000000-0000-0000-0000-000000000001'),
('5678901234', 'Yusuf', 'Abdullah', 'H', NULL, 'Dr.', 'CAR', 'IL567890', '56-7890123', '713-555-5000', '713-555-5001', 'yusuf.abdullah@muslimfamilypractice.com', '789 Pine Street', 'Suite 500', 'Houston', 'TX', '77001', true, '00000000-0000-0000-0000-000000000001');

-- ============================================================================
-- INSERT PATIENTS
-- ============================================================================

INSERT INTO patients (patient_id, first_name, last_name, middle_initial, suffix, date_of_birth, gender, ssn, address_line1, address_line2, city, state, zip_code, phone_primary, phone_secondary, email, emergency_contact_name, emergency_contact_phone, emergency_contact_relationship, user_id) VALUES
('PAT001', 'Amina', 'Khan', 'M', NULL, '1985-03-15', 'F', '123-45-6789', '1001 Islamic Way', 'Apt 2B', 'Chicago', 'IL', '60602', '312-555-1001', '312-555-1002', 'amina.khan@email.com', 'Ahmed Khan', '312-555-1003', 'spouse', '00000000-0000-0000-0000-000000000001'),
('PAT002', 'Hassan', 'Ahmed', 'A', NULL, '1978-07-22', 'M', '234-56-7890', '2002 Crescent Street', NULL, 'Chicago', 'IL', '60603', '312-555-2001', '312-555-2002', 'hassan.ahmed@email.com', 'Fatima Ahmed', '312-555-2003', 'spouse', '00000000-0000-0000-0000-000000000001'),
('PAT003', 'Zainab', 'Ali', 'K', NULL, '1992-11-08', 'F', '345-67-8901', '3003 Mosque Road', 'Unit 5', 'Detroit', 'MI', '48202', '313-555-3001', '313-555-3002', 'zainab.ali@email.com', 'Omar Ali', '313-555-3003', 'brother', '00000000-0000-0000-0000-000000000001'),
('PAT004', 'Ibrahim', 'Hassan', 'M', 'Jr.', '1965-12-03', 'M', '456-78-9012', '4004 Islamic Center Blvd', NULL, 'Detroit', 'MI', '48203', '313-555-4001', '313-555-4002', 'ibrahim.hassan@email.com', 'Aisha Hassan', '313-555-4003', 'daughter', '00000000-0000-0000-0000-000000000001'),
('PAT005', 'Maryam', 'Omar', 'S', NULL, '1990-05-18', 'F', '567-89-0123', '5005 Quran Street', 'Apt 3A', 'Houston', 'TX', '77002', '713-555-5001', '713-555-5002', 'maryam.omar@email.com', 'Yusuf Omar', '713-555-5003', 'father', '00000000-0000-0000-0000-000000000001'),
('PAT006', 'Abdullah', 'Rahman', 'A', NULL, '1982-09-25', 'M', '678-90-1234', '6006 Faith Avenue', NULL, 'Houston', 'TX', '77003', '713-555-6001', '713-555-6002', 'abdullah.rahman@email.com', 'Khadija Rahman', '713-555-6003', 'mother', '00000000-0000-0000-0000-000000000001'),
('PAT007', 'Khadija', 'Ibrahim', 'F', NULL, '1975-01-12', 'F', '789-01-2345', '7007 Islamic Garden', 'Suite 1', 'Chicago', 'IL', '60604', '312-555-7001', '312-555-7002', 'khadija.ibrahim@email.com', 'Mohammed Ibrahim', '312-555-7003', 'husband', '00000000-0000-0000-0000-000000000001'),
('PAT008', 'Omar', 'Yusuf', 'H', NULL, '1988-06-30', 'M', '890-12-3456', '8008 Crescent Lane', NULL, 'Detroit', 'MI', '48204', '313-555-8001', '313-555-8002', 'omar.yusuf@email.com', 'Amina Yusuf', '313-555-8003', 'sister', '00000000-0000-0000-0000-000000000001'),
('PAT009', 'Aisha', 'Mohammed', 'A', NULL, '1995-04-14', 'F', '901-23-4567', '9009 Islamic Way', 'Apt 4B', 'Houston', 'TX', '77004', '713-555-9001', '713-555-9002', 'aisha.mohammed@email.com', 'Hassan Mohammed', '713-555-9003', 'brother', '00000000-0000-0000-0000-000000000001'),
('PAT010', 'Yusuf', 'Abdullah', 'M', 'Sr.', '1960-08-20', 'M', '012-34-5678', '1010 Faith Street', NULL, 'Chicago', 'IL', '60605', '312-555-0001', '312-555-0002', 'yusuf.abdullah@email.com', 'Fatima Abdullah', '312-555-0003', 'wife', '00000000-0000-0000-0000-000000000001');

-- ============================================================================
-- INSERT PATIENT INSURANCE (Using subqueries to get auto-generated IDs)
-- ============================================================================

INSERT INTO patient_insurance (patient_id, insurance_company_id, member_id, group_number, policy_holder_name, policy_holder_relationship, policy_holder_dob, policy_holder_ssn, effective_date, termination_date, is_primary, user_id) VALUES
((SELECT id FROM patients WHERE patient_id = 'PAT001' LIMIT 1), (SELECT id FROM insurance_payers WHERE name = 'Blue Cross Blue Shield' LIMIT 1), 'BCBS123456789', 'GRP001', 'Amina Khan', 'self', '1985-03-15', '123-45-6789', '2023-01-01', NULL, true, '00000000-0000-0000-0000-000000000001'),
((SELECT id FROM patients WHERE patient_id = 'PAT002' LIMIT 1), (SELECT id FROM insurance_payers WHERE name = 'Aetna' LIMIT 1), 'AETNA987654321', 'GRP002', 'Hassan Ahmed', 'self', '1978-07-22', '234-56-7890', '2023-01-01', NULL, true, '00000000-0000-0000-0000-000000000001'),
((SELECT id FROM patients WHERE patient_id = 'PAT003' LIMIT 1), (SELECT id FROM insurance_payers WHERE name = 'Cigna' LIMIT 1), 'CIGNA456789123', 'GRP003', 'Zainab Ali', 'self', '1992-11-08', '345-67-8901', '2023-01-01', NULL, true, '00000000-0000-0000-0000-000000000001'),
((SELECT id FROM patients WHERE patient_id = 'PAT004' LIMIT 1), (SELECT id FROM insurance_payers WHERE name = 'UnitedHealthcare' LIMIT 1), 'UHC789123456', 'GRP004', 'Ibrahim Hassan', 'self', '1965-12-03', '456-78-9012', '2023-01-01', NULL, true, '00000000-0000-0000-0000-000000000001'),
((SELECT id FROM patients WHERE patient_id = 'PAT005' LIMIT 1), (SELECT id FROM insurance_payers WHERE name = 'Medicare' LIMIT 1), 'MEDICARE123456', 'GRP005', 'Maryam Omar', 'self', '1990-05-18', '567-89-0123', '2023-01-01', NULL, true, '00000000-0000-0000-0000-000000000001');

-- ============================================================================
-- INSERT DIAGNOSIS CODES
-- ============================================================================

INSERT INTO diagnosis_codes (code, description, code_type, category, is_active) VALUES
('K02.9', 'Dental caries, unspecified', 'ICD-10', 'Dental', true),
('K05.10', 'Chronic gingivitis, plaque induced', 'ICD-10', 'Dental', true),
('K08.1', 'Loss of teeth due to accident, extraction or local periodontal disease', 'ICD-10', 'Dental', true),
('Z01.20', 'Encounter for dental examination and cleaning', 'ICD-10', 'Preventive', true),
('K07.1', 'Anomalies of tooth position', 'ICD-10', 'Orthodontic', true),
('I10', 'Essential hypertension', 'ICD-10', 'Medical', true),
('E11.9', 'Type 2 diabetes mellitus without complications', 'ICD-10', 'Medical', true),
('J06.9', 'Acute upper respiratory infection, unspecified', 'ICD-10', 'Medical', true);

-- ============================================================================
-- INSERT PROCEDURE CODES
-- ============================================================================

INSERT INTO procedure_codes (code, description, code_type, category, is_active) VALUES
('D0150', 'Comprehensive oral evaluation - new or established patient', 'CDT', 'Evaluation', true),
('D1110', 'Prophylaxis - adult', 'CDT', 'Preventive', true),
('D2140', 'Amalgam - one surface, permanent', 'CDT', 'Restorative', true),
('D2391', 'Resin-based composite - one surface, posterior', 'CDT', 'Restorative', true),
('D2740', 'Crown - porcelain/ceramic substrate', 'CDT', 'Prosthodontics', true),
('D6010', 'Implant body - endosteal implant', 'CDT', 'Implants', true),
('D8080', 'Comprehensive orthodontic treatment of adolescent dentition', 'CDT', 'Orthodontics', true),
('99213', 'Office or other outpatient visit for the evaluation and management of an established patient', 'CPT', 'Evaluation', true);

-- ============================================================================
-- INSERT REVENUE CODES
-- ============================================================================

INSERT INTO revenue_codes (code, description, category, is_active) VALUES
('0450', 'Emergency Room', 'Emergency', true),
('0110', 'Semi-Private Room', 'Room and Board', true),
('0250', 'Intensive Care Unit', 'Critical Care', true),
('0300', 'Laboratory', 'Ancillary', true),
('0400', 'Radiology', 'Ancillary', true);

-- ============================================================================
-- INSERT CLAIMS (Using subqueries to get auto-generated IDs)
-- ============================================================================

INSERT INTO claims (claim_number, claim_type, status, patient_id, primary_insurance_id, billing_provider_id, treating_provider_id, facility_id, service_start_date, service_end_date, total_charges, insurance_payment, patient_responsibility, adjustment_amount, prior_authorization_number, clinical_indication, submission_date, notes, user_id) VALUES
('CLM001', 'dental', 'submitted', 
 (SELECT id FROM patients WHERE patient_id = 'PAT001' LIMIT 1), 
 (SELECT id FROM patient_insurance WHERE member_id = 'BCBS123456789' LIMIT 1), 
 (SELECT id FROM providers WHERE npi = '1234567890' LIMIT 1), 
 (SELECT id FROM providers WHERE npi = '3456789012' LIMIT 1), 
 (SELECT id FROM facilities WHERE facility_name = 'Al-Noor Medical Center' LIMIT 1), 
 '2024-01-15', '2024-01-15', 150.00, 120.00, 30.00, 0.00, 'PA001', 'Routine dental cleaning and examination', '2024-01-16', 'Patient had excellent oral hygiene', '00000000-0000-0000-0000-000000000001'),
('CLM002', 'dental', 'approved', 
 (SELECT id FROM patients WHERE patient_id = 'PAT002' LIMIT 1), 
 (SELECT id FROM patient_insurance WHERE member_id = 'AETNA987654321' LIMIT 1), 
 (SELECT id FROM providers WHERE npi = '2345678901' LIMIT 1), 
 (SELECT id FROM providers WHERE npi = '3456789012' LIMIT 1), 
 (SELECT id FROM facilities WHERE facility_name = 'Al-Noor Medical Center' LIMIT 1), 
 '2024-01-20', '2024-01-20', 300.00, 240.00, 60.00, 0.00, 'PA002', 'Dental filling for cavity', '2024-01-21', 'Composite filling on tooth #14', '00000000-0000-0000-0000-000000000001'),
('CLM003', 'medical', 'processing', 
 (SELECT id FROM patients WHERE patient_id = 'PAT003' LIMIT 1), 
 (SELECT id FROM patient_insurance WHERE member_id = 'CIGNA456789123' LIMIT 1), 
 (SELECT id FROM providers WHERE npi = '2345678901' LIMIT 1), 
 (SELECT id FROM providers WHERE npi = '2345678901' LIMIT 1), 
 (SELECT id FROM facilities WHERE facility_name = 'Islamic Health Clinic' LIMIT 1), 
 '2024-01-25', '2024-01-25', 200.00, 160.00, 40.00, 0.00, NULL, 'Annual physical examination', '2024-01-26', 'Routine checkup, all vitals normal', '00000000-0000-0000-0000-000000000001');

-- ============================================================================
-- INSERT COLLECTIONS ACCOUNTS (Using subqueries to get auto-generated IDs)
-- ============================================================================

INSERT INTO collections_accounts (user_id, patient_id, patient_name, patient_email, patient_phone, original_balance, current_balance, days_overdue, collection_stage, collection_status, assigned_to, last_contact_date, next_action_date, notes, patient_last_name, patient_first_name, patient_middle_initial, patient_suffix) VALUES
('00000000-0000-0000-0000-000000000001', (SELECT id FROM patients WHERE patient_id = 'PAT004' LIMIT 1), 'Ibrahim Hassan Jr.', 'ibrahim.hassan@email.com', '313-555-4001', 500.00, 500.00, 30, 'early_collection', 'active', '00000000-0000-0000-0000-000000000001', '2024-01-01', '2024-02-01', 'Patient needs payment plan', 'Hassan', 'Ibrahim', 'M', 'Jr.'),
('00000000-0000-0000-0000-000000000001', (SELECT id FROM patients WHERE patient_id = 'PAT005' LIMIT 1), 'Maryam Omar', 'maryam.omar@email.com', '713-555-5001', 750.00, 600.00, 45, 'mid_collection', 'payment_plan', '00000000-0000-0000-0000-000000000001', '2024-01-15', '2024-02-15', 'Patient on payment plan', 'Omar', 'Maryam', 'S', NULL),
('00000000-0000-0000-0000-000000000001', (SELECT id FROM patients WHERE patient_id = 'PAT006' LIMIT 1), 'Abdullah Rahman', 'abdullah.rahman@email.com', '713-555-6001', 1200.00, 1200.00, 60, 'late_collection', 'active', '00000000-0000-0000-0000-000000000001', '2024-01-10', '2024-02-10', 'Patient unresponsive to calls', 'Rahman', 'Abdullah', 'A', NULL);

-- ============================================================================
-- INSERT BILLING STATEMENTS
-- ============================================================================

INSERT INTO billing_statements (user_id, patient_id, patient_name, statement_date, due_date, amount_due, status, channel, sent_at, delivered_at, viewed_at, pdf_url, patient_last_name, patient_first_name, patient_middle_initial, patient_suffix) VALUES
('00000000-0000-0000-0000-000000000001', 'PAT004', 'Ibrahim Hassan Jr.', '2024-01-01', '2024-01-31', 500.00, 'sent', 'email', '2024-01-02', '2024-01-02', NULL, 'https://example.com/statements/bs111111.pdf', 'Hassan', 'Ibrahim', 'M', 'Jr.'),
('00000000-0000-0000-0000-000000000001', 'PAT005', 'Maryam Omar', '2024-01-15', '2024-02-14', 750.00, 'delivered', 'email', '2024-01-16', '2024-01-16', '2024-01-17', 'https://example.com/statements/bs222222.pdf', 'Omar', 'Maryam', 'S', NULL),
('00000000-0000-0000-0000-000000000001', 'PAT006', 'Abdullah Rahman', '2024-01-10', '2024-02-09', 1200.00, 'failed', 'email', '2024-01-11', NULL, NULL, NULL, 'Rahman', 'Abdullah', 'A', NULL);

-- ============================================================================
-- INSERT PAYMENT PLANS
-- ============================================================================

INSERT INTO payment_plans (user_id, patient_id, patient_name, total_amount, down_payment, monthly_payment, number_of_payments, start_date, auto_pay, notes, status) VALUES
('00000000-0000-0000-0000-000000000001', 'PAT005', 'Maryam Omar', 750.00, 150.00, 100.00, 6, '2024-01-15', false, 'Patient agreed to 6-month payment plan', 'active'),
('00000000-0000-0000-0000-000000000001', 'PAT007', 'Khadija Ibrahim', 900.00, 0.00, 150.00, 6, '2024-01-20', true, 'Auto-pay enabled for monthly payments', 'active');

-- ============================================================================
-- INSERT COLLECTION ACTIVITIES (Using subqueries to get auto-generated IDs)
-- ============================================================================

INSERT INTO collection_activities (collection_account_id, activity_type, contact_method, contact_person, notes, outcome, follow_up_date, user_id, amount_discussed, promise_to_pay_date, performed_by) VALUES
((SELECT id FROM collections_accounts WHERE patient_name = 'Ibrahim Hassan Jr.' LIMIT 1), 'phone_call', 'phone', 'Ibrahim Hassan Jr.', 'Called patient about outstanding balance. Patient was understanding and requested payment plan.', 'promise_to_pay', '2024-02-01', '00000000-0000-0000-0000-000000000001', 500.00, '2024-02-15', 'Collection Agent 1'),
((SELECT id FROM collections_accounts WHERE patient_name = 'Maryam Omar' LIMIT 1), 'email_sent', 'email', 'Maryam Omar', 'Sent payment plan agreement via email. Patient confirmed receipt.', 'partial_payment', '2024-02-15', '00000000-0000-0000-0000-000000000001', 150.00, NULL, 'Collection Agent 2'),
((SELECT id FROM collections_accounts WHERE patient_name = 'Abdullah Rahman' LIMIT 1), 'phone_call', 'phone', 'Abdullah Rahman', 'Attempted to contact patient. No answer, left voicemail.', 'note_added', '2024-02-10', '00000000-0000-0000-0000-000000000001', NULL, NULL, 'Collection Agent 1');

-- ============================================================================
-- INSERT CHAT CONVERSATIONS
-- ============================================================================

INSERT INTO chat_conversations (user_id, patient_id, patient_name, status, started_at, ended_at, escalated_at, patient_last_name, patient_first_name, patient_middle_initial, patient_suffix) VALUES
('00000000-0000-0000-0000-000000000001', 'PAT001', 'Amina Khan', 'active', '2024-01-15 10:30:00', NULL, NULL, 'Khan', 'Amina', 'M', NULL),
('00000000-0000-0000-0000-000000000001', 'PAT002', 'Hassan Ahmed', 'resolved', '2024-01-20 14:15:00', '2024-01-20 15:30:00', NULL, 'Ahmed', 'Hassan', 'A', NULL),
('00000000-0000-0000-0000-000000000001', 'PAT003', 'Zainab Ali', 'escalated', '2024-01-25 09:00:00', NULL, '2024-01-25 10:00:00', 'Ali', 'Zainab', 'K', NULL);

-- ============================================================================
-- INSERT AUTHORIZATION REQUESTS
-- ============================================================================

INSERT INTO authorization_requests (user_id, patient_name, patient_dob, patient_member_id, payer_id, payer_name_custom, provider_name_custom, provider_npi_custom, service_type, service_start_date, service_end_date, urgency_level, diagnosis_codes, procedure_codes, clinical_indication, units_requested, status, pa_required, submission_ref, ack_status, review_status, auth_number, patient_last_name, patient_first_name, patient_middle_initial, patient_suffix) VALUES
('00000000-0000-0000-0000-000000000001', 'Amina Khan', '1985-03-15', 'BCBS123456789', (SELECT id FROM insurance_payers WHERE name = 'Blue Cross Blue Shield' LIMIT 1), 'Blue Cross Blue Shield', 'Dr. Ahmad Hassan', '1234567890', 'Dental', '2024-02-01', '2024-02-01', 'routine', ARRAY['K02.9'], ARRAY['D2140'], 'Patient has dental caries requiring filling', 1, 'approved', true, 'REF001', 'received', 'approved', 'AUTH001', 'Khan', 'Amina', 'M', NULL),
('00000000-0000-0000-0000-000000000001', 'Hassan Ahmed', '1978-07-22', 'AETNA987654321', (SELECT id FROM insurance_payers WHERE name = 'Aetna' LIMIT 1), 'Aetna', 'Dr. Fatima Ali', '2345678901', 'Medical', '2024-02-05', '2024-02-05', 'urgent', ARRAY['I10'], ARRAY['99213'], 'Patient has hypertension requiring evaluation', 1, 'processing', true, 'REF002', 'received', 'under_review', NULL, 'Ahmed', 'Hassan', 'A', NULL);

-- ============================================================================
-- SUCCESS MESSAGE
-- ============================================================================

SELECT 'Seed data with Muslim names and auto-generated UUIDs inserted successfully! Database is ready for testing.' as status;


